Insert Into Country ([country])
VALUES
    ('United States'),
    ('United Kingdom'),
    ('France'),
    ('Germany'),
    ('Japan'),
    ('Canada'),
    ('Australia'),
    ('Brazil'),
    ('China'),
    ('India'),
    ('South Africa'),
    ('Mexico'),
    ('Italy'),
    ('Spain'),
    ('South Korea'),
    ('Russia'),
    ('Argentina'),
    ('Turkey'),
    ('Netherlands'),
    ('Sweden'),
    ('Norway'),
    ('Saudi Arabia'),
    ('Singapore'),
    ('Switzerland'),
    ('Greece'),
    ('Thailand'),
    ('Egypt'),
    ('New Zealand'),
    ('Ireland');


INSERT INTO Location ([city], [postalCode], [CountryID])
VALUES
    ('New York', '10001', 1),
    ('London', 'SW1A 1AA', 2),
    ('Paris', '75001', 3),
    ('Berlin', '10115', 4),
    ('Tokyo', '100-0001', 5),
    ('Toronto', 'M5H 2N2', 6),
    ('Sydney', '2000', 7),
    ('Rio de Janeiro', '20031-120',8),
    ('Beijing', '100000', 9),
    ('Mumbai', '400001', 10),
    ('Johannesburg', '2000', 11),
    ('Mexico City', '06000', 12),
    ('Rome', '00185', 13),
    ('Madrid', '28001', 14),
    ('Seoul', '04513', 15),
    ('Moscow', '101000', 16),
    ('Buenos Aires', 'C1002AAP', 17),
    ('Istanbul', '34394', 18),
    ('Amsterdam', '1012 SZ', 19),
    ('Stockholm', '111 29', 20),
    ('Oslo', '0101', 21),
    ('Riyadh', '11564', 22),
    ('Singapore', '179803', 23),
    ('Zurich', '8001', 24),
    ('Athens', '105 64', 25),
    ('Bangkok', '10110', 26),
    ('Cairo', '11519', 27),
    ('Wellington', '6011', 28),
    ('Dublin', 'D02 YX88', 29);

INSERT INTO Language ([name])
VALUES
    ('English'),
    ('Spanish'),
    ('French'),
    ('German'),
    ('Chinese (Mandarin)'),
    ('Japanese'),
    ('Portuguese'),
    ('Italian'),
    ('Russian'),
    ('Arabic'),
    ('Hindi'),
    ('Bengali'),
    ('Urdu'),
    ('Indonesian'),
    ('Turkish'),
    ('Thai'),
    ('Dutch'),
    ('Swedish'),
    ('Norwegian'),
    ('Greek'),
    ('Korean'),
    ('Hebrew'),
    ('Vietnamese'),
    ('Polish'),
    ('Finnish'),
    ('Hungarian'),
    ('Czech'),
    ('Romanian'),
    ('Swahili'),
    ('Tagalog');

INSERT INTO Image ([source])
VALUES
    ('https://example.com/image1.jpg'),
    ('https://example.com/image2.jpg'),
    ('https://example.com/image3.jpg'),
    ('https://example.com/image4.jpg'),
    ('https://example.com/image5.jpg'),
    ('https://example.com/image6.jpg'),
    ('https://example.com/image7.jpg'),
    ('https://example.com/image8.jpg'),
    ('https://example.com/image9.jpg'),
    ('https://example.com/image10.jpg'),
    ('https://example.com/image11.jpg'),
    ('https://example.com/image12.jpg'),
    ('https://example.com/image13.jpg'),
    ('https://example.com/image14.jpg'),
    ('https://example.com/image15.jpg'),
    ('https://example.com/image16.jpg'),
    ('https://example.com/image17.jpg'),
    ('https://example.com/image18.jpg'),
    ('https://example.com/image19.jpg'),
    ('https://example.com/image20.jpg'),
    ('https://example.com/image21.jpg'),
    ('https://example.com/image22.jpg'),
    ('https://example.com/image23.jpg'),
    ('https://example.com/image24.jpg'),
    ('https://example.com/image25.jpg'),
    ('https://example.com/image26.jpg'),
    ('https://example.com/image27.jpg'),
    ('https://example.com/image28.jpg'),
    ('https://example.com/image29.jpg'),
    ('https://example.com/image30.jpg');

INSERT INTO Quiz ([name], [maxScore])
VALUES
    ('General Knowledge Quiz', 10),
    ('Mathematics Challenge', 20),
    ('Science Trivia', 15),
    ('Literature Quiz', 12),
    ('History Test', 18),
    ('Geography Quiz', 14),
    ('Movie Buff Challenge', 25),
    ('Music Trivia', 15),
    ('Sports Quiz', 20),
    ('Technology and Gadgets Quiz', 12),
    ('Art and Culture Quiz', 15),
    ('Foodie Quiz', 10),
    ('Animal Kingdom Trivia', 15),
    ('Space Exploration Quiz', 18),
    ('Mythology and Legends', 12),
    ('Fashion and Style Quiz', 10),
    ('Language Prowess Test', 20),
    ('Political Affairs Quiz', 18),
    ('Environmental Awareness', 15),
    ('Pop Culture Trivia', 12),
    ('Human Anatomy Challenge', 20),
    ('Inventions and Discoveries', 15),
    ('Architecture Quiz', 12),
    ('Business and Economics Test', 18),
    ('Health and Wellness Quiz', 10),
    ('Psychology Trivia', 15),
    ('Computer Science Challenge', 20),
    ('Social Media Mastery', 12),
    ('Cryptocurrency Knowledge', 18);

INSERT INTO Question ([text], [QuizID])
VALUES
    ('What is the capital of France?', 3),
    ('Who wrote "Romeo and Juliet"?', 4),
    ('What is the square root of 144?', 2),
    ('In which year did Christopher Columbus reach the Americas?', 5),
    ('What is the chemical symbol for gold?', 3),
    ('Who painted the Mona Lisa?', 11),
    ('Which planet is known as the Red Planet?', 13),
    ('Who won the Nobel Prize for Peace in 2020?', 18),
    ('What is the largest mammal on Earth?', 14),
    ('In what year was the first iPhone released?', 9),
    ('Who directed the movie "Inception"?', 7),
    ('What is the main ingredient in guacamole?', 12),
    ('Who is known as the "Queen of Pop"?', 16),
    ('What is the largest ocean on Earth?', 6),
    ('What is the capital of Japan?', 1),
    ('Who discovered penicillin?', 15),
    ('Which famous scientist developed the theory of relativity?', 13),
    ('Who is the author of "To Kill a Mockingbird"?', 4),
    ('What is the currency of Brazil?', 10),
    ('In what year did the Berlin Wall fall?', 5),
    ('Who won the FIFA World Cup in 2018?', 8),
    ('What is the melting point of water?', 2),
    ('Which element has the atomic number 79?', 3),
    ('Who founded Microsoft?', 29),
    ('What is the speed of light?', 13),
    ('Who wrote "1984"?', 4),
    ('Which country is known as the Land of the Rising Sun?', 1),
    ('What is the largest desert in the world?', 6),
    ('Who is the lead singer of the band Queen?', 15);

INSERT INTO Answer ([text], [isTrue], [QuestionID])
VALUES
    ('Paris', 1, 1),
    ('London', 0, 1),
    ('Berlin', 0, 1),
    ('Rome', 0, 1),
    ('William Shakespeare', 1, 2),
    ('Jane Austen', 0, 2),
    ('Homer', 0, 2),
    ('J.K. Rowling', 0, 2),
    ('12', 1, 3),
    ('8', 0, 3),
    ('16', 0, 3),
    ('1442', 1, 4),
    ('1492', 0, 4),
    ('1510', 0, 4),
    ('Au', 1, 5),
    ('Ag', 0, 5),
    ('Fe', 0, 5),
    ('Leonardo da Vinci', 1, 6),
    ('Vincent van Gogh', 0, 6),
    ('Pablo Picasso', 0, 6),
    ('Mars', 1, 7),
    ('Venus', 0, 7),
    ('Jupiter', 0, 7),
    ('Abiy Ahmed', 1, 8),
    ('Angela Merkel', 0, 8),
    ('Jacinda Ardern', 0, 8),
    ('Blue Whale', 1, 9),
    ('Elephant', 0, 9),
    ('Giraffe', 0, 9),
    ('2007', 1, 10),
    ('2010', 0, 10),
    ('2005', 0, 10),
    ('Christopher Nolan', 1, 11),
    ('Quentin Tarantino', 0, 11),
    ('Martin Scorsese', 0, 11);

INSERT INTO Article ([title], [content], [author], [date], [LanguageID], [ImageID], [LocationID])
VALUES
    ('The History of Red Cross', 'Lorem ipsum dolor sit amet, consectetur adipiscing elit....', 'John Smith', '2023-01-15', 1, 1, 2),
    ('Exploring the Wonders of the Louvre Museum', 'Nulla facilisi. Curabitur tristique metus nec dui volutpat...', 'Emily Johnson', '2023-02-22', 2, 2, 3),
    ('Understanding Quantum Physics', 'Quisque eleifend ante in risus auctor, sit amet cursus leo scelerisque...', 'Michael Brown', '2023-03-10', 3, 3, 4),
    ('The Art of Italian Cooking', 'Pellentesque habitant morbi tristique senectus et netus et malesuada fames...', 'Sophia Davis', '2023-04-05', 4, 4, 5),
    ('Ancient Civilizations: The Rise and Fall', 'Sed vel justo in ligula posuere tincidunt at ac nisi. Suspendisse nec eleifend...', 'Daniel Lee', '2023-05-18', 5, 5, 6),
    ('A Journey Through the Amazon Rainforest', 'Vivamus rhoncus purus vel finibus laoreet. Sed luctus, dolor id efficitur aliquam...', 'Olivia Rodriguez', '2023-06-02', 6, 6, 7),
    ('The Impact of Technology on Society', 'Integer ac turpis nec dolor rhoncus tristique eu nec purus. Sed nec risus ac...', 'William Turner', '2023-07-14', 7, 7, 8),
    ('The Marvels of Underwater Life', 'Donec efficitur, libero at cursus blandit, ex sem hendrerit tortor, vitae...', 'Ella Martinez', '2023-08-29', 8, 8, 9),
    ('Space Exploration: Beyond the Stars', 'Phasellus euismod sapien vel metus fermentum, non luctus libero rhoncus...', 'David White', '2023-09-07', 9, 9, 10),
    ('The World of Fashion: Trends and Styles', 'Fusce eu lacus eu purus imperdiet convallis vel vel nulla. Sed at pharetra libero...', 'Ava Adams', '2023-10-12', 10, 10, 11),
    ('The Psychology of Human Behavior', 'Nam euismod erat vel mi bibendum, vitae efficitur risus volutpat...', 'Jack Robinson', '2023-11-01', 11, 11, 12),
    ('Exploring the Culinary Delights of Thailand', 'Curabitur fermentum, est a volutpat tempus, libero urna facilisis nulla...', 'Sophie Harris', '2023-12-19', 12, 12, 13),
    ('The Music Legends of the 20th Century', 'Praesent id lectus vitae justo malesuada pellentesque vel a orci...', 'Ethan Miller', '2024-01-25', 13, 13, 14),
    ('The Beauty of Greek Mythology', 'Sed vitae semper lectus, vel fringilla arcu. In ultricies ullamcorper eros...', 'Emma Turner', '2024-02-08', 14, 14, 15),
    ('Investing in Cryptocurrency: A Beginner''s Guide', 'Quisque ut orci vel enim tincidunt varius vel nec ligula. Nam non enim in urna...', 'Lucas Brown', '2024-03-15', 15, 15, 16),
    ('The Impact of Climate Change on Wildlife', 'Vestibulum sed odio et arcu semper finibus eget vitae justo. Curabitur vestibulum...', 'Aria Thompson', '2024-04-02', 16, 16, 17),
    ('The Rise of Social Media Influencers', 'Duis vel hendrerit justo, sit amet tincidunt justo. Suspendisse potenti...', 'Noah Davis', '2024-05-11', 17, 17, 18),
    ('The History of Ancient Rome', 'Maecenas feugiat congue est, vel bibendum tortor malesuada eu. Integer vel sem eu...', 'Grace Taylor', '2024-06-28', 18, 18, 19),
    ('Healthy Living: Mind, Body, and Soul', 'Vivamus lacinia massa eu arcu suscipit, a finibus elit euismod. Nulla facilisi...', 'Liam Rodriguez', '2024-07-07', 19, 19, 20),
    ('The Evolution of Artificial Intelligence', 'Morbi at elit eget nisl tincidunt vehicula a sit amet ex. Nulla facilisi...', 'Zoe White', '2024-08-19', 20, 20, 21),
    ('The World of Classical Music', 'Sed eu bibendum ipsum. Suspendisse potenti. Sed luctus vel ex in facilisis...', 'Mia Adams', '2024-09-04', 21, 21, 22),
    ('The Marvelous Landscapes of New Zealand', 'Proin vel purus sed libero auctor accumsan. Fusce vulputate, quam nec ullamcorper...', 'Jackson Smith', '2024-10-21', 22, 22, 23),
    ('The Renaissance: Art, Culture, and Science', 'Curabitur luctus massa ac urna dictum, id iaculis nunc euismod. Nullam et...', 'Avery Martinez', '2024-11-08', 23, 23, 24),
    ('Understanding Global Economics', 'Phasellus eget nibh tincidunt, fringilla tortor a, dapibus purus. Suspendisse potenti...', 'Madison Harris', '2024-12-16', 24, 24, 25),
    ('The World of Competitive Sports', 'Vivamus vel orci vel nisi egestas malesuada. Sed nec justo justo...', 'Caleb Turner', '2025-01-12', 25, 25, 26),
    ('The Art of Japanese Tea Ceremony', 'Donec vel ligula vel quam viverra ultricies at vel turpis. Morbi at erat at leo...', 'Chloe Robinson', '2025-02-27', 26, 26, 27),
    ('The Impact of Globalization on Cultures', 'Pellentesque sollicitudin, urna vel fringilla tempor, leo sem accumsan elit...', 'Henry Davis', '2025-03-05', 27, 27, 28),
    ('The Fascinating World of Marine Biology', 'Nullam efficitur mi ut lectus accumsan, id rhoncus lectus tempor. Nulla facilisi...', 'Scarlett Turner', '2025-04-18', 28, 28, 29),
    ('The Rise of Renewable Energy', 'Suspendisse tincidunt neque sit amet erat accumsan, nec pharetra elit fringilla...', 'Landon White', '2025-05-02', 29, 29, 20),
    ('The Art of Mindfulness', 'Phasellus bibendum fringilla est, non bibendum ligula congue ut. Ut in quam in arcu...', 'Isabella Miller', '2025-06-15', 20, 20, 1);

INSERT INTO Role ([name])
VALUES
    ('Guest'),
    ('User'),
    ('Moderator'),
    ('Editor'),
    ('Administrator');

INSERT INTO Gender ([name])
VALUES
    ('Male'),
    ('Female'),
    ('Non-Binary'),
    ('Agender'),
    ('Bigender'),
    ('Genderqueer'),
    ('Genderfluid'),
    ('Androgynous'),
    ('Demiboy'),
    ('Demigirl'),
    ('Two-Spirit'),
    ('Neutrois'),
    ('Pangender'),
    ('Third Gender'),
    ('Other'),
    ('Cisgender Male'),
    ('Cisgender Female'),
    ('Transgender Male'),
    ('Transgender Female'),
    ('Transmasculine'),
    ('Transfeminine'),
    ('Bi-gender'),
    ('Greygender'),
    ('Quoiromantic'),
    ('Questioning'),
    ('Polygender'),
    ('Aporagender'),
    ('Fluidflux'),
    ('Lithromantic'),
    ('Aromantic');

INSERT INTO Person (
    [username],
    [firstname],
    [lastname],
    [email],
    [birthdate],
    [hash],
    [gender],
    [LanguageID],
    [LocationID],
    [RoleID]
)
VALUES
    ('user1', 'John', 'Doe', 'john.doe@example.com', '1990-05-15', 'password1', 2, 1, 2, 2),
    ('user2', 'Jane', 'Smith', 'jane.smith@example.com', '1985-09-22', 'password2', 3, 2, 3, 3),
    ('user3', 'Robert', 'Johnson', 'robert.johnson@example.com', '1995-03-08', 'password3', 1, 3, 4, 4),
    ('user4', 'Emily', 'Williams', 'emily.williams@example.com', '1988-12-10', 'password4', 2, 4, 5, 5),
    ('user5', 'Michael', 'Brown', 'michael.brown@example.com', '1992-07-17', 'password5', 1, 5, 6, 4),
    ('user6', 'Sophia', 'Davis', 'sophia.davis@example.com', '1987-11-28', 'password6', 2, 6, 7, 3),
    ('user7', 'Daniel', 'Lee', 'daniel.lee@example.com', '1994-02-03', 'password7', 1, 7, 8, 2),
    ('user8', 'Olivia', 'Rodriguez', 'olivia.rodriguez@example.com', '1986-06-12', 'password8', 3, 8, 9, 3),
    ('user9', 'William', 'Turner', 'william.turner@example.com', '1998-09-01', 'password9', 2, 9, 10, 4),
    ('user10', 'Ella', 'Martinez', 'ella.martinez@example.com', '1991-04-19', 'password10', 1, 10, 11, 5),
    ('user11', 'David', 'White', 'david.white@example.com', '1989-08-26', 'password11', 2, 11, 12, 3),
    ('user12', 'Ava', 'Adams', 'ava.adams@example.com', '1993-01-31', 'password12', 1, 12, 13, 2),
    ('user13', 'Jack', 'Robinson', 'jack.robinson@example.com', '1996-05-07', 'password13', 3, 13, 14, 4),
    ('user14', 'Sophie', 'Harris', 'sophie.harris@example.com', '1984-10-14', 'password14', 2, 14, 15, 5),
    ('user15', 'Liam', 'Rodriguez', 'liam.rodriguez@example.com', '1997-02-20', 'password15', 1, 15, 16, 3),
    ('user16', 'Zoe', 'White', 'zoe.white@example.com', '1986-07-27', 'password16', 3, 16, 17, 2),
    ('user17', 'Mia', 'Adams', 'mia.adams@example.com', '1990-12-04', 'password17', 1, 17, 18, 4),
    ('user18', 'Jackson', 'Smith', 's.smith@example.com', '1994-03-11', 'password18', 2, 18, 19, 5),
    ('user19', 'Avery', 'Martinez', 'avery.martinez@example.com', '1989-08-18', 'password19', 3, 19, 20, 3),
    ('user20', 'Madison', 'Harris', 'madison.harris@example.com', '1995-01-25', 'password20', 1, 20, 21, 2),
    ('user21', 'Caleb', 'Turner', 'caleb.turner@example.com', '1987-06-02', 'password21', 2, 21, 22, 4),
    ('user22', 'Chloe', 'Robinson', 'chloe.robinson@example.com', '1992-09-09', 'password22', 1, 22, 23, 5),
    ('user23', 'Henry', 'Davis', 'henry.davis@example.com', '1996-12-16', 'password23', 3, 23, 24, 3),
    ('user24', 'Scarlett', 'Turner', 'scarlett.turner@example.com', '1985-05-23', 'password24', 2, 24, 25, 2),
    ('user25', 'Landon', 'White', 'landon.white@example.com', '1988-10-30', 'password25', 1, 25, 26, 4),
    ('user26', 'Isabella', 'Miller', 'isabella.miller@example.com', '1993-03-08', 'password26', 3, 26, 27, 5),
    ('user27', 'Ethan', 'Taylor', 'ethan.taylor@example.com', '1984-06-15', 'password27', 2, 27, 28, 3),
    ('user28', 'Aria', 'Hernandez', 'aria.hernandez@example.com', '1997-11-22', 'password28', 1, 28, 29, 2),
    ('user29', 'Lucas', 'Perez', 'lucas.perez@example.com', '1990-04-01', 'password29', 3, 29, 20, 4),
    ('user30', 'Emma', 'Garcia', 'emma.garcia@example.com', '1995-09-08', 'password30', 2, 20, 1, 5),
    ('user31', 'Noah', 'Lopez', 'noah.lopez@example.com', '1986-02-13', 'password31', 1, 1, 2, 3),
    ('user32', 'Grace', 'King', 'grace.king@example.com', '1992-07-20', 'password32', 3, 2, 3, 4),
    ('user33', 'Liam', 'Wright', 'liam.wright@example.com', '1988-12-27', 'password33', 2, 3, 4, 5),
    ('user34', 'Ava', 'Taylor', 'ava.taylor@example.com', '1994-05-05', 'password34', 1, 4, 5, 3),
    ('user35', 'Oliver', 'Garcia', 'oliver.garcia@example.com', '1997-10-12', 'password35', 3, 5, 6, 2),
    ('user36', 'Emma', 'Davis', 'emma.davis@example.com', '1986-03-21', 'password36', 1, 6, 7, 4),
    ('user37', 'Jackson', 'Smith', 'jackson.smith@example.com', '1990-08-28', 'password37', 2, 7, 8, 5),
    ('user38', 'Sophia', 'Martinez', 'sophia.martinez@example.com', '1993-01-04', 'password38', 3, 8, 9, 3),
    ('user39', 'Ethan', 'Jones', 'ethan.jones@example.com', '1996-06-11', 'password39', 2, 9, 10, 2),
    ('user40', 'Isabella', 'Johnson', 'isabella.johnson@example.com', '1985-11-18', 'password40', 1, 10, 11, 4);

INSERT INTO ResetRequests ([ConfirmationCode], [CreationDate], [PersonUsername])
VALUES
    (123456, '2023-01-15', 'user1'),
    (654321, '2023-02-22', 'user2'),
    (987654, '2023-03-08', 'user3'),
    (456789, '2023-04-05', 'user4'),
    (321654, '2023-05-18', 'user5'),
    (789012, '2023-06-02', 'user6'),
    (567890, '2023-07-14', 'user7'),
    (234567, '2023-08-29', 'user8'),
    (890123, '2023-09-07', 'user9'),
    (345678, '2023-10-12', 'user10'),
    (901234, '2023-11-01', 'user11'),
    (678901, '2023-12-19', 'user12'),
    (123789, '2024-01-25', 'user13'),
    (987123, '2024-02-08', 'user14'),
    (456789, '2024-03-15', 'user15'),
    (321987, '2024-04-02', 'user16'),
    (876543, '2024-05-11', 'user17'),
    (234789, '2024-06-28', 'user18'),
    (567123, '2024-07-07', 'user19'),
    (890456, '2024-08-19', 'user20'),
    (345876, '2024-09-04', 'user21'),
    (678234, '2024-10-21', 'user22'),
    (901567, '2024-11-08', 'user23'),
    (456789, '2024-12-16', 'user24'),
    (123890, '2025-01-12', 'user25'),
    (789234, '2025-02-27', 'user26'),
    (567890, '2025-03-05', 'user27'),
    (234567, '2025-04-18', 'user28'),
    (901234, '2025-05-02', 'user29'),
    (345678, '2025-06-15', 'user30');
